Date,DiffL95S15,DiffL8S4,RoCL8,RoCS4,MA5DiffL95S15,MA5DiffL8S4,StdDevL95,StdDevS15,LaggedL95EMA,LaggedS15EMA,ProfitLoss,CurrentPrice,StochRSI,SmoothKRSI,MACDLine,MACDSigLine,MACDHist,OBV,ATR,Label
19 21:02:56,44.674865,21.203752,-0.457083,-0.457083,-61.730290,21.052112,6.846479,60.679098,41835.524388,41945.270643,0.000000,41761.620000,0.129183,0.219833,-68.833255,-53.548659,-15.284596,-532,72.397857,0
19 21:03:58,48.678607,12.529971,-0.457063,-0.457063,-52.981142,21.067356,7.201398,65.178253,41837.360755,41942.559592,0.000000,41730.010000,0.149599,0.269724,-65.973794,-56.033686,-9.940108,-584,73.321429,0
19 21:04:59,54.330317,11.378294,-0.466193,-0.466193,-44.248282,21.080041,7.870900,69.050965,41839.425628,41941.800408,0.000000,41687.550000,0.156586,0.294941,-64.780935,-57.783136,-6.997799,-662,74.330000,0
19 21:05:59,61.001309,13.193482,-0.468364,-0.468364,-35.370046,21.400136,8.803169,72.327588,41841.247727,41939.944489,0.000000,41672.260000,0.154325,0.300665,-64.617620,-59.150033,-5.467587,-649,73.317857,0
19 21:07:00,70.208109,19.096504,-0.454586,-0.454586,-26.163269,22.219925,9.953208,75.172154,41842.977101,41937.986620,0.000000,41621.110000,0.150431,0.298817,-66.548208,-60.629668,-5.918540,-704,70.376429,0
19 21:08:01,76.512073,17.761458,-0.312412,-0.312412,-16.850197,22.942156,11.172549,77.352566,41844.279105,41933.921513,0.000000,41683.060000,0.174306,0.335653,-66.228914,-61.749517,-4.479397,-721,72.024286,0
19 21:09:02,81.196171,14.675478,-0.204130,-0.204130,-7.529801,23.453277,12.373110,78.730794,41845.177418,41928.102309,0.000000,41679.550000,0.192048,0.368745,-64.827271,-62.365068,-2.462203,-688,68.432143,0
19 21:10:03,83.787665,9.866565,-0.086745,-0.086745,1.778018,23.831934,13.462569,78.961223,41845.201931,41917.886263,0.000000,41697.800000,0.214125,0.409536,-62.064055,-62.304865,0.240810,-732,67.994286,0
19 21:11:03,86.357793,7.715892,-0.046669,-0.046669,11.029670,24.078904,14.406988,78.068217,41844.262966,41903.174476,0.000000,41675.270000,0.221710,0.430271,-59.627347,-61.769362,2.142014,-693,65.012857,0
19 21:12:04,88.837059,6.882312,0.129305,0.129305,20.221843,24.261516,15.167934,75.957776,41842.503519,41885.255290,0.000000,41671.100000,0.222337,0.437786,-57.422800,-60.900049,3.477249,-667,61.926429,0
19 21:13:05,91.610067,7.383287,0.008352,0.008352,29.284668,24.305697,15.732870,72.703280,41840.001110,41864.895940,0.000000,41659.020000,0.216951,0.433151,-55.715058,-59.863051,4.147993,-603,53.888571,0
19 21:14:06,93.502299,6.542764,-0.093949,-0.093949,38.106119,24.099580,16.072486,68.248574,41837.088384,41844.307729,0.000000,41672.170000,0.217584,0.434476,-53.554581,-58.601357,5.046776,-460,44.725000,0
19 21:15:07,95.919925,7.343932,-0.180848,-0.180848,46.536256,23.519337,16.224821,62.952418,41832.609190,41816.531153,0.000000,41649.850000,0.193767,0.399097,-52.048062,-57.290698,5.242636,-384,39.596429,0
19 21:16:07,99.441261,9.966733,-0.213619,-0.213619,54.453251,22.550659,16.262647,57.350396,41829.095477,41797.463204,0.000000,41627.190000,0.113976,0.273629,-51.576652,-56.147889,4.571237,-237,38.485714,0
19 21:17:08,103.059969,11.772523,-0.179451,-0.179451,61.744114,21.201349,16.247021,51.888838,41826.593837,41786.405776,0.000000,41627.000000,0.056988,0.165309,-51.278151,-55.173941,3.895790,-421,38.052857,0
19 21:18:09,105.990810,11.738208,-0.136431,-0.136431,68.288100,19.470018,16.230507,46.974838,41824.691746,41780.019040,0.000000,41633.350000,0.028494,0.096901,-50.535942,-54.246341,3.710399,100,37.125714,0
19 21:19:10,107.823690,9.991957,-0.043163,-0.043163,74.040354,17.482717,16.234292,42.765053,41822.774493,41774.099278,0.000000,41642.030000,0.040145,0.094420,-49.070334,-53.211140,4.140806,-52,36.165000,0
19 21:20:11,109.153375,8.356112,-0.076350,-0.076350,78.695049,14.861796,16.399665,40.348350,41820.428250,41766.100053,0.000000,41637.410000,0.044807,0.094349,-47.393033,-52.047519,4.654485,-126,31.504286,0
19 21:21:11,110.725838,8.075576,-0.104818,-0.104818,82.649674,12.611815,16.650734,38.910509,41817.735635,41756.735388,0.000000,41624.000000,0.025202,0.062574,-46.088776,-50.855770,4.766994,-188,28.546429,0
19 21:22:12,111.972272,7.547197,-0.136967,-0.136967,86.238642,11.151100,16.898349,37.693878,41814.368954,41744.161761,0.000000,41627.290000,0.012601,0.037588,-44.685449,-49.621706,4.936257,-173,29.346429,0
19 21:23:13,114.264473,9.215719,-0.158786,-0.158786,89.718804,10.551698,17.106627,36.374705,41811.353718,41734.841939,0.000000,41600.000000,0.006301,0.021944,-44.237108,-48.544786,4.307679,-116,28.053571,0
19 21:24:14,118.235573,13.109947,-0.200359,-0.200359,93.196399,10.580697,17.298634,35.063656,41808.503794,41727.308770,0.000000,41570.280000,0.003150,0.012547,-45.147313,-47.865292,2.717979,-122,29.065714,0
19 21:25:15,120.729967,12.736414,-0.166283,-0.166283,96.517198,10.648603,17.480466,33.843569,41805.956386,41722.168711,0.000000,41603.950000,0.028710,0.047763,-44.885773,-47.269388,2.383615,-67,30.559286,0
19 21:26:15,119.124857,5.580330,-0.092952,-0.092952,99.423642,10.267945,17.606914,32.494687,41803.347790,41716.988766,0.000000,41663.990000,0.139355,0.218559,-41.544504,-46.124411,4.579907,-75,32.250000,1
19 21:27:16,117.628510,2.067973,-0.073371,-0.073371,101.794535,9.416519,17.739004,31.452013,41800.692819,41711.854492,0.000000,41627.450000,0.191536,0.326906,-38.598275,-44.619184,6.020909,-70,34.606429,1
19 21:28:17,117.991818,3.575531,-0.079192,-0.079192,103.868663,8.707223,17.879721,30.637008,41797.917472,41706.306091,0.000000,41591.800000,0.186458,0.347372,-37.344554,-43.164258,5.819704,-88,35.152857,0
19 21:29:18,119.912060,7.231805,-0.103564,-0.103564,105.804462,8.335039,18.041348,30.064014,41795.248758,41701.745160,0.000000,41573.740000,0.156929,0.315851,-37.404280,-42.012262,4.607982,-108,34.006429,0
19 21:30:19,121.979486,9.549192,-0.118219,-0.118219,107.713748,8.319170,18.199317,29.545010,41792.427293,41696.506305,0.000000,41578.030000,0.132434,0.278111,-37.587485,-41.127307,3.539821,-111,34.537143,0
19 21:31:19,123.083368,9.184799,-0.119421,-0.119421,109.549782,8.392616,18.339393,28.996319,41789.324666,41689.882037,0.000000,41591.800000,0.131358,0.269875,-37.034780,-40.308802,3.274022,-65,34.390714,0
19 21:32:20,123.003560,6.993144,-0.102233,-0.102233,111.259199,8.398157,18.442200,28.309991,41786.116223,41683.053793,0.000000,41602.000000,0.153726,0.299848,-35.638914,-39.374824,3.735910,-79,35.467857,1
19 21:33:21,123.928345,7.591503,-0.115992,-0.115992,112.875261,8.408568,18.531946,27.636883,41782.953747,41676.959949,0.000000,41569.990000,0.144129,0.289254,-35.145506,-38.528960,3.383455,-71,37.709286,0
19 21:34:22,123.186321,5.128864,-0.083738,-0.083738,114.359035,8.337873,18.568207,26.733916,41779.936993,41672.110770,0.000000,41605.860000,0.178621,0.340495,-33.430881,-37.509344,4.078464,-31,40.182857,1
19 21:35:23,121.484180,2.254642,-0.031659,-0.031659,115.634527,8.083408,18.544704,25.598498,41776.972524,41667.820456,0.000000,41608.510000,0.214311,0.402403,-31.137071,-36.234890,5.097819,9,37.824286,1
19 21:36:24,118.105165,-2.028287,0.058611,0.058611,116.567679,7.483657,18.457973,24.273938,41773.929135,41663.204666,0.000000,41632.210000,0.232155,0.442279,-27.755056,-34.538923,6.783867,-3,38.473571,0
19 21:37:24,114.908521,-3.836857,0.044603,0.044603,117.160320,6.703188,18.321050,22.870559,41770.911891,41658.940590,0.000000,41616.680000,0.240985,0.466540,-24.793448,-32.589828,7.796380,-1,36.406429,0
19 21:38:25,108.759704,-9.648661,0.037260,0.037260,117.298786,5.633845,18.084972,21.209714,41767.654268,41653.391271,0.000000,41676.460000,0.245493,0.481016,-19.808373,-30.033537,10.225164,36,37.767857,0
19 21:39:26,102.309105,-13.038495,0.062374,0.062374,117.023499,4.482322,17.734080,19.293559,41764.003896,41645.768989,0.000000,41663.870000,0.247746,0.489381,-14.988026,-27.024435,12.036409,-3,34.477143,1
19 21:40:27,94.601643,-16.728655,0.151591,0.151591,116.296357,3.228084,17.246385,17.197907,41760.549741,41639.820554,0.000000,41691.990000,0.248873,0.494127,-9.574539,-23.534455,13.959917,-6,35.602857,1
19 21:41:28,86.376437,-19.310235,0.227625,0.227625,115.078759,1.858793,16.624549,15.236412,41757.852418,41638.728704,0.000000,41700.010000,0.249437,0.496782,-4.171176,-19.661800,15.490623,-27,34.857857,1
19 21:42:29,79.563991,-18.014421,0.234019,0.234019,113.458450,0.580713,15.887845,13.677750,41755.173689,41637.546100,0.000000,41677.990000,0.243664,0.489169,-0.242071,-15.777854,15.535783,-22,35.757143,1
19 21:43:29,75.078031,-13.150606,0.189977,0.189977,111.499981,-0.537604,15.093799,12.806400,41752.161322,41634.169580,0.000000,41652.500000,0.221092,0.454390,1.646434,-12.292996,13.939431,-71,35.762143,0
19 21:44:31,68.762338,-13.595417,0.226166,0.226166,109.025550,-1.872872,14.268976,13.126276,41748.826635,41628.915504,0.000000,41711.140000,0.229174,0.460410,4.849882,-8.864421,13.714302,-52,38.570714,0
19 21:45:31,64.369717,-10.552281,0.228947,0.228947,106.208032,-3.037307,13.431537,14.147260,41745.415853,41623.436501,0.000000,41666.320000,0.217905,0.442475,6.388049,-5.813927,12.201976,-84,38.645714,0
19 21:46:33,61.093001,-7.076165,0.185810,0.185810,103.306033,-3.670131,12.524434,15.330306,41742.145067,41619.062157,0.000000,41665.230000,0.204023,0.418320,7.018699,-3.247402,10.266100,-30,35.298571,0
19 21:47:33,59.711344,-2.121094,0.132058,0.132058,100.410463,-3.879585,11.567875,16.433491,41739.084435,41616.081996,0.000000,41641.100000,0.178529,0.374942,6.219528,-1.354016,7.573543,-23,33.262143,0
19 21:48:34,61.246773,5.287316,0.028628,0.028628,97.572513,-3.793995,10.641345,17.238877,41735.823611,41611.897426,0.000000,41601.100000,0.124403,0.284811,3.320435,-0.419126,3.739560,-23,35.026429,0
19 21:49:35,63.803558,10.662563,-0.003515,-0.003515,94.768380,-3.622458,9.819590,17.717212,41732.875214,41609.689337,0.000000,41601.840000,0.072003,0.188208,-0.060301,-0.347361,0.287060,3,33.513571,0
19 21:50:36,65.977529,12.478548,-0.078665,-0.078665,91.969266,-3.475990,9.141529,17.879337,41730.136711,41608.649590,0.000000,41612.400000,0.036001,0.112105,-2.822904,-0.842469,-1.980435,-27,35.342143,0
19 21:51:37,67.587947,12.080463,-0.097541,-0.097541,89.194726,-3.331207,8.618028,17.743968,41727.775703,41609.667226,0.000000,41615.370000,0.019482,0.067274,-4.893989,-1.652773,-3.241216,37,34.543571,0
19 21:52:38,68.391155,10.135813,-0.132351,-0.132351,86.465341,-3.174073,8.241755,17.362375,41725.463863,41610.550740,0.000000,41622.310000,0.019006,0.052405,-6.153464,-2.552911,-3.600552,4,32.675714,0
19 21:53:39,66.679287,4.536818,-0.112824,-0.112824,83.602810,-3.326807,8.012643,16.640318,41723.820873,41615.056607,0.000000,41661.100000,0.058357,0.104235,-5.369228,-3.116175,-2.253053,-3,35.300714,1
19 21:54:39,62.630403,-2.588805,-0.046798,-0.046798,80.574138,-3.712691,7.865646,15.625750,41722.391120,41620.078760,0.000000,41686.010000,0.113289,0.192872,-2.849610,-3.062862,0.213252,-3,31.825714,0
19 21:55:40,59.241607,-5.269391,-0.016531,-0.016531,77.461573,-4.088892,7.796267,14.297138,41721.374613,41626.770405,0.000000,41658.230000,0.136616,0.244715,-1.029110,-2.656111,1.627001,19,31.957857,0
19 21:56:41,56.394121,-5.693534,-0.073758,-0.073758,74.375874,-4.272155,7.780252,12.751467,41720.654581,41634.275474,0.000000,41656.530000,0.150309,0.279514,0.248112,-2.075267,2.323379,-3,31.293571,0
19 21:57:42,54.373216,-4.419506,-0.059251,-0.059251,71.348563,-4.301287,7.828073,10.843151,41719.857191,41640.291100,0.000000,41647.680000,0.146278,0.284019,0.812554,-1.497702,2.310257,31,31.290000,1
19 21:58:43,53.401569,-1.894069,-0.064930,-0.064930,68.580424,-3.913558,7.901323,8.951910,41718.765283,41643.685992,0.000000,41635.810000,0.126779,0.259039,0.555372,-1.087087,1.642460,51,28.886429,0
19 21:59:44,52.303104,-0.763036,-0.025527,-0.025527,66.079412,-3.299785,7.980909,7.196198,41718.150637,41649.387133,0.000000,41646.890000,0.132064,0.264227,0.444410,-0.780788,1.225198,18,27.755000,0
19 22:00:45,52.556482,2.101561,0.010109,0.010109,63.978052,-2.358274,8.055251,5.938546,41717.311276,41652.939687,0.000000,41620.150000,0.107932,0.227978,-0.665711,-0.757773,0.092061,49,27.562143,0
19 22:01:46,53.834003,5.297157,0.014740,0.014740,62.350121,-1.127904,8.113400,5.462857,41716.356477,41655.262073,0.000000,41609.900000,0.067002,0.160526,-2.445771,-1.095372,-1.350399,76,26.579286,0
19 22:02:46,55.599616,7.701260,-0.000512,-0.000512,61.151832,0.157880,8.165006,5.603813,41715.105509,41655.392988,0.000000,41605.840000,0.033501,0.097014,-4.433416,-1.762981,-2.670435,45,24.406429,0
19 22:03:47,57.988470,9.880237,-0.025896,-0.025896,60.297835,1.309422,8.242388,6.166721,41713.306104,41652.056951,0.000000,41594.030000,0.016750,0.056882,-6.721661,-2.754717,-3.966944,-11,24.666429,0
19 22:04:48,61.695414,13.110994,-0.076945,-0.076945,59.944196,2.644742,8.324335,7.120677,41711.263519,41647.458876,0.000000,41569.040000,0.008375,0.032629,-9.825345,-4.168843,-5.656502,-23,23.861429,0
19 22:05:49,67.143609,17.603774,-0.184179,-0.184179,60.083733,4.052545,8.459163,8.561638,41709.234849,41643.256038,0.000000,41539.740000,0.004188,0.018408,-14.007447,-6.136564,-7.870884,-28,24.174286,0
19 22:06:50,73.207012,20.818883,-0.275787,-0.275787,60.687941,5.447298,8.668795,10.487208,41707.261792,41639.674419,0.000000,41532.900000,0.002094,0.010251,-18.328421,-8.574935,-9.753486,-31,24.831429,0
19 22:07:50,77.808693,19.780107,-0.260907,-0.260907,61.592585,6.542358,8.951144,12.624050,41705.411483,41637.022185,0.000000,41555.740000,0.008582,0.016952,-21.195943,-11.099137,-10.096807,-4,22.865000,0
19 22:08:51,78.624872,12.547483,-0.188707,-0.188707,62.461068,6.905366,9.275710,14.535670,41704.043715,41637.366696,0.000000,41608.000000,0.059986,0.094165,-20.962092,-13.071728,-7.890365,14,24.442857,0
19 22:09:52,78.901665,7.685667,-0.170675,-0.170675,63.215439,6.756521,9.648798,16.299968,41703.185805,41640.557626,0.000000,41584.110000,0.090406,0.152697,-20.373401,-14.532062,-5.841338,-25,22.921429,0
19 22:10:53,79.181590,5.156908,-0.155653,-0.155653,63.875542,6.390439,10.064889,17.949324,41702.297599,41643.058181,0.000000,41577.260000,0.104429,0.187789,-19.869923,-15.599635,-4.270289,-28,21.867857,0
19 22:11:54,78.877514,2.942503,-0.150785,-0.150785,64.439672,5.933541,10.503980,19.433023,41701.385581,41644.994162,0.000000,41586.120000,0.121854,0.224460,-18.990595,-16.277827,-2.712768,-5,22.523571,1
19 22:12:55,77.621526,0.299151,-0.101957,-0.101957,64.901013,5.441708,10.936820,20.674300,41700.379480,41646.009019,0.000000,41598.050000,0.153875,0.282116,-17.480191,-16.518300,-0.961891,-12,21.733571,0
19 22:13:56,74.370877,-4.328542,-0.028829,-0.028829,65.286368,4.998440,11.293496,21.470264,41699.215182,41645.815580,0.000000,41628.350000,0.201937,0.367027,-14.586547,-16.131949,1.545402,-23,22.942143,0
19 22:14:57,70.409420,-7.779141,0.012521,0.012521,65.674977,4.738923,11.525828,21.727134,41698.099221,41645.798102,0.000000,41628.260000,0.225969,0.421498,-11.401271,-15.185814,3.784542,5,22.642857,0
19 22:15:58,67.330691,-7.847826,0.024578,0.024578,66.079845,4.610002,11.646839,21.538751,41696.741475,41644.187449,0.000000,41609.270000,0.230186,0.443043,-9.157218,-13.980094,4.822876,-21,23.113571,0
19 22:16:59,65.820819,-4.958125,0.036328,0.036328,66.551555,4.646772,11.675992,20.987073,41695.172273,41641.339823,0.000000,41589.030000,0.212845,0.425697,-8.292726,-12.842621,4.549895,-41,23.852857,1
19 22:18:00,65.075356,-1.941236,0.075906,0.075906,67.087256,4.770686,11.624408,20.110700,41693.473906,41637.875247,0.000000,41587.730000,0.194102,0.397579,-8.071777,-11.888452,3.816675,-48,21.793571,0
19 22:19:01,63.719296,-1.293646,0.124890,0.124890,67.602088,4.800707,11.488368,18.918722,41691.604954,41633.619168,0.000000,41605.130000,0.193905,0.392596,-7.388098,-10.988381,3.600283,-31,22.127857,0
19 22:20:01,63.491468,0.998463,0.090176,0.090176,68.162243,4.888782,11.272142,17.373007,41689.414607,41627.720935,0.000000,41578.790000,0.178004,0.366352,-7.609562,-10.312617,2.703055,-30,23.074286,0
19 22:21:02,64.082022,3.603039,0.000649,0.000649,68.738846,4.963855,11.001030,15.580934,41686.783027,41619.641649,0.000000,41571.070000,0.157327,0.330165,-8.424929,-9.935080,1.510150,-28,21.461429,0
19 22:22:03,64.383280,4.435409,-0.003523,-0.003523,69.265361,4.920768,10.685292,13.599955,41683.890399,41610.685609,0.000000,41580.910000,0.143831,0.302166,-8.939547,-9.735973,0.796426,5,18.678571,0
19 22:23:04,64.567166,4.587510,0.000066,0.000066,69.714056,4.765081,10.332779,11.435456,41681.140126,41603.333241,0.000000,41578.780000,0.087021,0.209699,-9.311723,-9.651123,0.339400,47,18.683571,0
19 22:24:05,62.456179,0.665671,0.040771,0.040771,69.937999,4.304352,9.922777,8.986634,41679.032143,41600.408252,0.000000,41620.000000,0.135061,0.263930,-7.888526,-9.298604,1.410078,103,19.905714,0
19 22:25:06,57.977956,-5.502434,0.080396,0.080396,69.752748,3.373681,9.452754,6.363473,41677.011702,41598.109929,0.000000,41647.970000,0.192530,0.353230,-4.763639,-8.391611,3.627972,123,21.057857,0
19 22:26:07,53.741288,-8.317371,0.040588,0.040588,69.083782,2.077624,8.980029,4.200712,41674.984360,41595.801292,0.000000,41628.690000,0.221265,0.412248,-2.070108,-7.127310,5.057202,89,21.696429,0
19 22:27:08,49.909755,-8.996039,0.019340,0.019340,67.919121,0.586878,8.551333,3.343331,41673.065792,41594.186182,0.000000,41627.470000,0.235633,0.448940,0.110624,-5.679723,5.790347,52,19.905000,0
19 22:28:09,47.309071,-7.127945,0.012110,0.012110,66.394788,-0.758525,8.184496,3.610910,41671.345753,41593.721061,0.000000,41611.300000,0.218230,0.433999,1.196369,-4.304505,5.500874,35,21.197143,1
19 22:29:10,44.083264,-7.115772,0.062377,0.062377,64.668808,-1.741688,7.817209,4.302909,41670.056773,41595.681879,0.000000,41635.890000,0.229804,0.452590,2.703416,-2.902921,5.606336,48,21.737143,0
19 22:30:10,40.676977,-7.376178,0.091141,0.091141,62.757027,-2.494780,7.446297,5.216195,41668.989225,41598.575869,0.000000,41637.600000,0.239902,0.471246,4.256560,-1.471025,5.727584,69,20.963571,0
19 22:31:11,37.207034,-7.601562,0.088786,0.088786,60.657136,-3.132704,7.080775,6.214147,41667.843558,41600.510373,0.000000,41641.090000,0.244951,0.483098,5.765714,-0.023677,5.789391,57,19.385714,1
19 22:32:12,33.220017,-8.595697,0.135329,0.135329,58.372807,-3.709614,6.712991,7.306844,41666.460721,41600.639195,0.000000,41654.420000,0.247475,0.490287,7.584480,1.497955,6.086525,49,18.709286,1
19 22:33:13,29.653112,-8.407668,0.158841,0.158841,55.974643,-4.144955,6.337975,8.428598,41664.964736,41599.888730,0.000000,41646.880000,0.248738,0.494512,8.973309,2.993025,5.980283,41,19.858571,1
19 22:34:14,27.562265,-5.793068,0.133916,0.133916,53.634100,-4.218181,5.935071,9.481981,41663.608799,41599.887981,0.000000,41626.230000,0.219447,0.452059,9.160667,4.226554,4.934113,43,20.482143,0
19 22:35:15,26.846064,-2.100675,0.109577,0.109577,51.455920,-3.934258,5.495976,10.366468,41662.061530,41598.569030,0.000000,41614.220000,0.175554,0.379637,8.324784,5.046200,3.278584,46,20.915000,0
19 22:36:16,28.310413,3.475823,0.011468,0.011468,49.504245,-3.368075,5.052266,10.903060,41660.355458,41596.273299,0.000000,41583.980000,0.108766,0.265191,5.929727,5.222905,0.706822,56,21.153571,0
19 22:37:16,29.490006,5.766109,-0.046319,-0.046319,47.687798,-2.831863,4.633630,11.185371,41658.693111,41594.308711,0.000000,41604.640000,0.075415,0.191335,3.987081,4.975740,-0.988659,62,20.213571,0
19 22:38:17,29.565471,4.857696,-0.032275,-0.032275,45.912191,-2.491917,4.249870,11.309549,41657.046633,41592.478659,0.000000,41621.100000,0.061955,0.150892,3.076852,4.595963,-1.519111,84,19.120714,0
19 22:39:18,28.284914,1.837640,-0.004438,-0.004438,44.140268,-2.335353,3.873498,11.387038,41655.854520,41593.398095,0.000000,41637.210000,0.087509,0.175733,3.299822,4.336735,-1.036913,107,18.568571,0
19 22:40:20,26.278364,-1.160344,0.033545,0.033545,42.278732,-2.443293,3.526754,11.386056,41655.187828,41597.211092,0.000000,41641.070000,0.119555,0.223445,4.076457,4.284679,-0.208222,102,18.232143,0
19 22:41:20,24.073902,-3.168901,0.022991,0.022991,40.278427,-2.781890,3.240792,11.210902,41654.585966,41600.846710,0.000000,41641.070000,0.144941,0.269356,4.958250,4.419393,0.538857,75,16.058571,0
19 22:42:21,21.913730,-4.180867,0.015662,0.015662,38.155025,-3.212704,3.025039,10.793789,41654.008895,41604.101249,0.000000,41641.070000,0.162414,0.305829,5.752496,4.686014,1.066482,46,13.930000,0
19 22:43:22,21.117129,-2.384089,-0.020234,-0.020234,35.981983,-3.561284,2.907711,9.931139,41653.280804,41605.975031,0.000000,41617.720000,0.136235,0.276060,5.457818,4.840375,0.617443,19,15.047857,1
19 22:44:23,22.516131,2.311913,-0.090604,-0.090604,33.985051,-3.478971,2.881123,8.686122,41652.743514,41608.664497,0.000000,41587.380000,0.068333,0.172412,3.528907,4.578081,-1.049174,14,16.844286,0
19 22:45:24,24.519555,5.773115,-0.112042,-0.112042,32.311086,-2.915194,2.911104,7.437418,41652.321403,41611.649607,0.000000,41591.290000,0.034166,0.103289,1.315471,3.925559,-2.610088,20,17.282143,0
19 22:46:24,25.938283,6.476796,-0.082646,-0.082646,30.919594,-2.175486,2.984302,6.302753,41651.996614,41614.795617,0.000000,41604.070000,0.023143,0.069276,-0.254933,3.089461,-3.344394,57,17.023571,0
19 22:47:26,28.143242,8.032052,-0.080577,-0.080577,29.831143,-1.324081,3.114365,5.409875,41651.863242,41618.648521,0.000000,41581.550000,0.011572,0.040424,-2.291255,2.013318,-4.304572,15,16.043571,0
19 22:48:27,29.032754,6.463394,-0.009675,-0.009675,28.916977,-0.644514,3.285418,4.701048,41651.745467,41622.098633,0.000000,41609.470000,0.034268,0.065829,-3.151360,0.980382,-4.131742,36,16.932857,0
19 22:49:28,29.257158,4.366588,0.000967,0.000967,28.176602,-0.070396,3.466297,4.348253,41651.422994,41623.866268,0.000000,41609.470000,0.059281,0.104701,-3.434724,0.097361,-3.532085,30,14.649286,0
19 22:50:29,29.141948,2.605705,-0.013503,-0.013503,27.600326,0.428698,3.639379,4.372954,41650.877403,41624.036716,0.000000,41609.460000,0.078705,0.140768,-3.440691,-0.610249,-2.830441,34,12.107143,1
19 22:51:31,26.706631,-2.306108,0.009395,0.009395,27.075825,0.693471,3.753796,4.449344,41649.913608,41621.607743,0.000000,41650.650000,0.147383,0.252106,-1.674800,-0.823160,-0.851641,24,13.865714,1
19 22:52:32,23.166957,-6.750969,0.021990,0.021990,26.571031,0.785707,3.778036,4.475920,41648.967253,41619.484583,0.000000,41655.470000,0.198691,0.350399,0.785747,-0.501378,1.287125,30,19.967857,0
19 22:53:33,21.022646,-6.607542,-0.009492,-0.009492,26.138879,0.875713,3.730716,4.430311,41648.213826,41618.656664,0.000000,41624.010000,0.199363,0.374898,1.978721,-0.005359,1.984079,17,21.939286,0
19 22:54:34,16.429815,-10.563134,0.047969,0.047969,25.582038,0.637210,3.592480,4.445954,41647.730140,41619.454033,0.000000,41684.970000,0.224682,0.424790,4.959365,0.987586,3.971779,50,26.003571,1
19 22:55:34,11.951154,-12.327951,0.085211,0.085211,24.839272,0.125846,3.389590,4.858499,41647.426067,41621.153880,0.000000,41668.690000,0.237341,0.456065,7.623030,2.314675,5.308355,38,26.003571,1
19 22:56:35,6.012055,-15.585958,0.182263,0.182263,23.723320,-0.827243,3.161800,6.085472,41647.208489,41623.142320,0.000000,41703.580000,0.243670,0.474868,11.207158,4.093172,7.113987,53,28.527143,1
19 22:57:36,-1.788768,-20.326064,0.264517,0.264517,22.160492,-2.131852,2.934141,8.243579,41647.039593,41625.132743,0.000000,41735.530000,0.246835,0.485852,15.953920,6.465321,9.488599,65,27.838571,0
19 22:58:38,-8.642133,-21.029469,0.263147,0.263147,20.251291,-3.426210,2.748801,10.859559,41646.652006,41625.540257,0.000000,41712.980000,0.248418,0.492135,19.624852,9.097227,10.527624,55,28.706429,0
19 22:59:38,-13.232585,-17.337941,0.258506,0.258506,18.174958,-4.384989,2.628547,13.447385,41645.843450,41623.333528,0.000000,41687.110000,0.228871,0.465165,21.312326,11.540247,9.772079,75,31.607857,0
19 23:00:39,-15.148623,-10.688607,0.191304,0.191304,16.101835,-4.861402,2.569249,15.680361,41644.877322,41620.365363,0.000000,41661.120000,0.190996,0.404641,20.872424,13.406683,7.465742,72,31.770714,1
19 23:01:40,-17.300281,-7.576528,0.193322,0.193322,14.033978,-5.081783,2.587146,17.728799,41643.980909,41618.048331,0.000000,41690.750000,0.176625,0.371760,20.712172,14.867781,5.844392,86,32.785000,0
19 23:02:41,-19.457135,-6.063499,0.196266,0.196266,11.966919,-5.175915,2.693680,19.653065,41642.892700,41614.753484,0.000000,41692.350000,0.166618,0.347495,20.625531,16.019331,4.606201,139,35.230714,0
19 23:03:43,-21.625941,-5.450146,0.152563,0.152563,9.829364,-5.329218,2.907084,21.460527,41642.010297,41612.981771,0.000000,41696.010000,0.162098,0.333585,20.606059,16.936676,3.669383,146,37.372857,0
19 23:04:44,-22.465827,-3.039754,0.098518,0.098518,7.581419,-5.596801,3.203136,22.959734,41641.240644,41611.987160,0.000000,41674.010000,0.139404,0.294850,19.620212,17.473383,2.146828,159,39.340000,0
19 23:05:45,-20.652737,2.578703,0.063333,0.063333,5.323196,-5.756522,3.499318,23.879524,41640.532459,41611.394071,0.000000,41635.720000,0.069702,0.182276,16.729113,17.324529,-0.595416,128,36.514286,1
19 23:06:46,-19.263063,4.600468,0.006058,0.006058,3.063253,-5.850338,3.774163,24.311597,41640.290971,41613.588090,0.000000,41663.650000,0.038482,0.114011,14.439821,16.747588,-2.307767,125,34.248571,1
19 23:07:47,-18.519830,4.287325,0.005921,0.005921,0.729200,-6.037574,4.011045,24.232650,41640.329634,41617.165592,0.000000,41671.100000,0.031382,0.084838,12.862039,15.970478,-3.108439,138,33.205714,0
19 23:08:48,-15.851848,7.145132,-0.087400,-0.087400,-1.516283,-6.003487,4.161882,23.570324,41640.177475,41619.158525,0.000000,41628.250000,0.015691,0.050264,9.960382,14.768459,-4.808077,80,33.725714,-1
19 23:09:49,-14.366380,6.407283,-0.130080,-0.130080,-3.698463,-5.901453,4.229872,22.418322,41640.568867,41624.143651,0.000000,41663.450000,0.020733,0.048386,8.218021,13.458371,-5.240350,84,34.885000,-1
19 23:10:50,-13.352193,4.985009,-0.127239,-0.127239,-5.821606,-5.782487,4.203728,20.763089,41641.055519,41629.108790,0.000000,41661.090000,0.027801,0.055528,6.987402,12.164177,-5.176775,50,34.973571,-1
19 23:11:50,-11.676496,5.199077,-0.116085,-0.116085,-7.741736,-5.407228,4.090227,18.790492,41641.942869,41635.935489,0.000000,41643.370000,0.019363,0.042908,5.350898,10.801521,-5.450623,63,34.609286,0
19 23:12:51,-11.355014,2.881289,-0.044057,-0.044057,-9.467235,-4.925615,3.913610,16.672760,41643.353252,41645.146827,0.000000,41672.800000,0.033386,0.061852,4.885247,9.618267,-4.733019,100,32.227143,0
19 23:13:52,-11.835900,0.201322,-0.038638,-0.038638,-11.109001,-4.585172,3.648639,14.177283,41644.769919,41653.416360,0.000000,41676.900000,0.061178,0.105999,5.067026,8.708018,-3.640993,99,31.982143,0
19 23:14:53,-12.252568,-1.125889,-0.046111,-0.046111,-12.543471,-4.113310,3.331676,11.602823,41645.903412,41659.140134,0.000000,41670.010000,0.088293,0.154850,5.178025,8.002020,-2.823995,70,30.628571,0
19 23:15:54,-13.190699,-2.691396,-0.040515,-0.040515,-13.800792,-3.631482,2.965870,8.891802,41646.616590,41661.768026,0.000000,41681.450000,0.117063,0.208873,5.675439,7.536704,-1.861265,70,29.670000,0
19 23:16:55,-14.347914,-3.841841,-0.009502,-0.009502,-14.820888,-3.044276,2.599006,6.308299,41647.423059,41664.729102,0.000000,41682.980000,0.140967,0.257355,6.296228,7.288609,-0.992380,49,28.957857,0
19 23:17:56,-13.667901,-1.252996,0.009925,0.009925,-15.413251,-2.090623,2.288774,4.427714,41648.288623,41667.750879,0.000000,41647.950000,0.101909,0.211057,5.461519,6.923191,-1.461671,48,30.398571,-1
19 23:18:57,-15.038978,-3.335157,0.050844,0.050844,-15.727123,-1.205907,2.088327,3.474820,41649.215326,41670.839102,0.000000,41701.880000,0.155674,0.288085,6.271694,6.792891,-0.521197,48,31.897143,0
19 23:19:58,-15.857865,-3.463208,0.032007,0.032007,-15.858190,-0.512171,1.974892,3.165794,41649.924325,41672.388380,0.000000,41676.590000,0.184598,0.343103,6.589451,6.752203,-0.162752,57,30.700000,0
19 23:20:59,-14.046854,1.004237,0.020753,0.020753,-15.804184,0.072472,1.858487,2.963117,41650.122258,41670.774416,0.000000,41632.200000,0.099673,0.228761,4.870009,6.375764,-1.505755,16,31.284286,-1
19 23:22:00,-12.854425,2.323682,0.010483,0.010483,-15.582335,0.567482,1.765301,2.913688,41650.360193,41669.623031,0.000000,41663.540000,0.072837,0.173800,3.770746,5.854761,-2.084015,-1,32.007857,0
19 23:23:00,-12.281538,1.907714,0.014759,0.014759,-15.222391,0.966043,1.715878,2.910579,41650.694298,41669.211610,0.000000,41669.020000,0.078685,0.168510,3.236793,5.331167,-2.094374,-13,27.706429,0
19 23:24:01,-11.912046,1.286108,0.036084,0.036084,-14.738386,1.302855,1.719457,2.775283,41650.621568,41666.471513,0.000000,41667.280000,0.082994,0.169404,2.897297,4.844393,-1.947096,27,27.835714,-1
19 23:25:02,-11.318695,1.300303,0.004019,0.004019,-14.181815,1.519858,1.749672,2.457975,41650.719573,41665.083876,0.000000,41661.120000,0.073589,0.153589,2.410460,4.357607,-1.947147,-18,26.692857,0
19 23:26:03,-12.097130,-1.052689,0.016192,0.016192,-13.756333,1.338289,1.789772,2.269970,41650.873293,41664.227167,0.000000,41688.720000,0.127636,0.231453,3.008504,4.087786,-1.079282,18,28.542857,0
19 23:27:04,-11.814110,-0.492974,-0.005715,-0.005715,-13.383465,1.083617,1.824532,2.162423,41650.872010,41662.548784,0.000000,41658.500000,0.109597,0.216305,2.740884,3.818406,-1.077521,40,29.261429,0
19 23:28:05,-10.743605,1.171927,-0.038189,-0.038189,-12.993790,0.927847,1.848829,2.056249,41651.100508,41662.455193,0.000000,41652.000000,0.063921,0.149235,1.889773,3.432679,-1.542906,13,28.507143,0
19 23:29:06,-9.098984,3.036649,-0.063168,-0.063168,-12.654230,0.722423,1.825479,2.076904,41651.482889,41663.317047,0.000000,41646.240000,0.031960,0.090598,0.666567,2.879457,-2.212890,26,27.993571,0
19 23:30:07,-7.029912,4.728899,-0.040344,-0.040344,-12.290047,0.638503,1.761505,2.212157,41651.859089,41664.112418,0.000000,41640.660000,0.015980,0.053289,-0.789368,2.145692,-2.935060,11,27.296429,0
19 23:31:07,-5.060000,5.398920,-0.090288,-0.090288,-11.874345,0.659199,1.662733,2.516407,41652.354150,41665.543991,0.000000,41643.420000,0.007990,0.030639,-2.055970,1.305360,-3.361329,-7,24.902857,-1
19 23:32:08,-3.422232,5.128686,-0.081520,-0.081520,-11.464112,0.655679,1.515964,2.913178,41652.912128,41667.260055,0.000000,41646.270000,0.006603,0.021230,-2.978671,0.448554,-3.427224,-22,21.675000,-1
19 23:33:09,-1.443031,5.507634,-0.037566,-0.037566,-10.965749,0.786997,1.338975,3.526900,41653.138105,41666.803955,0.000000,41634.880000,0.003302,0.012266,-4.098831,-0.460923,-3.637907,-12,20.184286,-1
19 23:34:10,0.019229,4.798046,-0.041333,-0.041333,-10.376220,1.016833,1.157195,4.254570,41653.751200,41668.796664,0.000000,41644.750000,0.012392,0.023070,-4.751659,-1.319070,-3.432589,-22,18.554286,0
19 23:35:11,1.492341,4.412647,-0.057494,-0.057494,-9.688982,1.293760,0.978797,5.040417,41654.290931,41670.155557,0.000000,41638.330000,0.009858,0.020126,-5.376013,-2.130459,-3.245554,-55,16.732143,0
19 23:36:12,3.471143,5.067565,-0.077539,-0.077539,-8.853977,1.681708,0.843044,5.909024,41654.327208,41668.377851,0.000000,41626.620000,0.004929,0.012528,-6.354494,-2.975266,-3.379228,-48,17.422143,0
19 23:37:13,5.941186,6.266025,-0.090028,-0.090028,-7.842027,2.187101,0.805157,6.854530,41654.437074,41667.297739,0.000000,41618.410000,0.002465,0.007496,-7.651448,-3.910502,-3.740946,-82,16.034286,0
19 23:38:14,7.994020,6.182633,-0.119131,-0.119131,-6.758263,2.558882,0.851670,7.841082,41654.644796,41666.932831,0.000000,41626.930000,0.003449,0.007690,-8.541933,-4.836789,-3.705144,-60,15.614286,0
19 23:39:14,9.807597,5.723747,-0.099790,-0.099790,-5.515542,3.011828,1.005046,8.718175,41654.877859,41666.794882,0.000000,41624.990000,0.002037,0.005176,-9.200415,-5.709514,-3.490901,-51,14.225714,0
19 23:40:15,11.793284,5.780289,-0.091971,-0.091971,-4.131784,3.474002,1.220504,9.497174,41655.057951,41666.379849,0.000000,41616.950000,0.001019,0.003098,-9.961232,-6.559858,-3.401375,-71,12.210000,0
19 23:41:16,13.532792,5.411493,-0.077491,-0.077491,-2.752474,3.694365,1.462887,10.317108,41655.496366,41667.594532,0.000000,41620.000000,0.000509,0.001803,-10.497023,-7.347291,-3.149732,-87,12.006429,0
19 23:42:17,15.024749,4.818567,-0.063567,-0.063567,-1.356375,3.819109,1.721481,11.105090,41655.744478,41667.557547,0.000000,41619.990000,0.000255,0.001029,-10.824191,-8.042671,-2.781520,-63,10.965714,0
19 23:43:18,14.753191,1.539206,-0.024737,-0.024737,-0.005520,3.800684,1.951109,11.635946,41655.824638,41666.569020,0.000000,41649.290000,0.119577,0.179753,-9.802012,-8.394539,-1.407473,-34,12.219286,1
19 23:44:19,14.003640,-0.944042,-0.015106,-0.015106,1.289145,3.689177,2.142816,11.892341,41655.763176,41664.865975,0.000000,41643.990000,0.184789,0.307271,-8.523274,-8.420286,-0.102988,-44,12.228571,1
19 23:45:21,13.297350,-2.072340,-0.001406,-0.001406,2.523322,3.520544,2.299710,11.928051,41655.580201,41662.608020,0.000000,41640.000000,0.217394,0.387333,-7.400337,-8.216296,0.815959,-33,11.849286,0
19 23:46:22,13.472858,-1.020020,-0.025605,-0.025605,3.802234,3.522178,2.420906,11.697274,41655.362720,41660.420913,0.000000,41624.010000,0.194334,0.376470,-7.062014,-7.985440,0.923425,-31,11.916429,0
19 23:47:23,13.630338,-0.371165,-0.021485,-0.021485,5.078175,3.528268,2.507813,11.258426,41655.165707,41658.579622,0.000000,41631.100000,0.180987,0.362548,-6.746578,-7.737668,0.991089,-22,12.087857,0
19 23:48:24,14.265282,0.886178,-0.017361,-0.017361,6.326383,3.513981,2.571478,10.708087,41654.853515,41656.292830,0.000000,41621.110000,0.149546,0.315100,-6.836074,-7.557349,0.721274,-30,13.653571,0
19 23:49:25,15.379276,2.430943,-0.013223,-0.013223,7.548095,3.483696,2.626542,10.140243,41654.594137,41654.570932,0.000000,41614.630000,0.108302,0.245230,-7.293508,-7.504581,0.211072,-25,12.392143,0
19 23:50:26,15.220981,1.101248,0.010409,0.010409,8.661342,3.302313,2.659690,9.519271,41654.299883,41652.802544,0.000000,41641.100000,0.155013,0.300983,-6.745607,-7.352786,0.607179,-11,13.357857,0
19 23:51:27,14.681031,-0.237526,0.020544,0.020544,9.647573,3.020491,2.665263,8.826723,41653.866209,41650.392465,0.000000,41637.760000,0.198588,0.370867,-5.961098,-7.074448,1.113350,-4,13.176429,1
19 23:52:27,14.295245,-0.643800,0.028413,0.028413,10.531962,2.731866,2.642576,8.047860,41653.283446,41647.339151,0.000000,41632.050000,0.214470,0.407845,-5.367088,-6.732976,1.365888,-14,12.390714,0
19 23:53:28,13.941028,-0.755702,0.029740,0.029740,11.301866,2.418700,2.599903,7.243771,41652.725177,41644.727754,0.000000,41632.930000,0.221764,0.429333,-4.849715,-6.356324,1.506609,-3,12.885000,0
19 23:54:29,13.324134,-1.210517,0.036902,0.036902,11.965361,2.118271,2.526231,6.340894,41652.160712,41642.351659,0.000000,41638.330000,0.235882,0.457608,-4.178305,-5.920720,1.742415,13,12.837857,1
19 23:55:30,12.371871,-1.980268,0.011095,0.011095,12.508688,1.798626,2.417906,5.322495,41651.517829,41639.724513,0.000000,41643.170000,0.242941,0.475274,-3.306211,-5.397818,2.091608,30,13.767143,1
19 23:56:31,11.053546,-2.963570,0.010878,0.010878,12.885664,1.397069,2.281498,4.275349,41650.872572,41637.342355,0.000000,41648.430000,0.246470,0.485872,-2.226245,-4.763504,2.537258,28,12.841429,1
19 23:57:32,9.334651,-4.116404,0.023091,0.023091,13.053927,0.877948,2.128772,3.373532,41650.234517,41635.215639,0.000000,41654.700000,0.248235,0.492054,-0.925151,-3.995833,3.070682,40,11.923571,1
19 23:58:33,7.783825,-4.383184,0.043218,0.043218,13.044274,0.349657,1.962575,2.703806,41649.913935,41635.164848,0.000000,41650.380000,0.249118,0.495586,0.147258,-3.167215,3.314473,27,12.950714,1
19 23:59:33,5.955537,-4.935190,0.055166,0.055166,12.851773,-0.183290,1.783686,2.464467,41649.694840,41635.694199,0.000000,41659.040000,0.249559,0.497572,1.352445,-2.263283,3.615728,37,13.283571,1
20 00:00:35,3.356320,-6.491560,0.091104,0.091104,12.430958,-0.796883,1.602040,2.919708,41649.487604,41636.194902,0.000000,41673.990000,0.249779,0.498676,3.060893,-1.198448,4.259341,44,12.570714,1
20 00:01:35,0.609920,-7.510453,0.116881,0.116881,11.784285,-1.442980,1.431324,3.843689,41649.119496,41635.652404,0.000000,41674.000000,0.249890,0.499283,4.754751,-0.007808,4.762559,53,11.622857,1
20 00:02:36,-0.540652,-5.264259,0.064311,0.064311,11.006265,-1.947121,1.291198,4.703026,41648.751959,41635.130535,0.000000,41646.000000,0.208765,0.437845,5.105959,1.014945,4.091013,41,12.387143,1
20 00:03:37,0.846961,0.301162,0.001217,0.001217,10.310405,-2.009023,1.156660,5.180315,41648.283215,41634.025935,0.000000,41612.000000,0.133307,0.314500,3.505957,1.513148,1.992809,39,14.209286,1
20 00:04:38,3.702623,5.720220,-0.034604,-0.034604,9.794750,-1.675810,1.023854,5.330993,41647.702686,41632.330426,0.000000,41602.730000,0.066653,0.190576,0.934208,1.397360,-0.463152,-9,14.399286,1
20 00:05:39,6.596761,8.517854,-0.044828,-0.044828,9.461448,-1.146301,0.904532,5.340255,41647.351730,41632.136739,0.000000,41610.010000,0.033327,0.111952,-1.440087,0.829870,-2.269957,34,17.010714,1
20 00:06:39,9.210413,9.321544,-0.054621,-0.054621,9.251756,-0.629222,0.840772,5.333847,41647.082845,41632.403455,0.000000,41611.510000,0.016663,0.064307,-3.398422,-0.015788,-3.382634,0,17.787143,1
20 00:07:40,13.014418,11.583207,-0.100280,-0.100280,9.221311,-0.031504,0.894358,5.495770,41646.792901,41632.498052,0.000000,41582.400000,0.008332,0.036320,-6.112356,-1.235102,-4.877254,-25,20.482857,1
20 00:08:42,17.321109,13.456404,-0.136029,-0.136029,9.373143,0.597007,1.108463,6.045325,41646.505184,41632.566435,0.000000,41576.890000,0.004166,0.020243,-8.997950,-2.787671,-6.210279,-32,20.407857,0
20 00:09:42,21.138269,13.427013,-0.152893,-0.152893,9.661423,1.146811,1.443687,6.994163,41646.280031,41632.956576,0.000000,41583.990000,0.002083,0.011163,-11.287487,-4.487634,-6.799852,-27,20.656429,0
20 00:10:43,24.125518,11.832740,-0.148943,-0.148943,10.105382,1.683386,1.830467,8.239184,41646.135632,41633.765601,0.000000,41589.990000,0.005907,0.013401,-12.778976,-6.145903,-6.633074,-10,21.232857,0
20 00:11:44,25.889892,8.783868,-0.143039,-0.143039,10.667203,2.134455,2.225611,9.551444,41646.091009,41635.036075,0.000000,41601.910000,0.023135,0.038449,-13.239614,-7.564645,-5.674969,24,22.134286,0
20 00:12:45,27.070432,6.133289,-0.160428,-0.160428,11.304938,2.473310,2.618691,10.831109,41646.156874,41636.820902,0.000000,41599.890000,0.037034,0.063208,-13.249065,-8.701529,-4.547536,13,23.651429,0
20 00:13:45,27.852673,4.078790,-0.168471,-0.168471,12.000777,2.715034,3.004821,12.033718,41646.233837,41638.449208,0.000000,41600.440000,0.047293,0.084027,-12.983260,-9.557875,-3.425385,6,23.977143,0
20 00:14:47,28.201281,2.333275,-0.135054,-0.135054,12.744205,2.892224,3.375830,13.121329,41646.404244,41640.448516,0.000000,41603.680000,0.057711,0.104933,-12.436709,-10.133642,-2.303067,8,23.390000,0
20 00:15:47,28.289439,1.073426,-0.077207,-0.077207,13.542443,3.044909,3.726612,14.073936,41646.777940,41643.419556,0.000000,41603.970000,0.065964,0.122558,-11.760033,-10.458920,-1.301113,15,23.045714,0
20 00:16:48,28.645360,0.992033,-0.046872,-0.046872,14.425476,3.242689,4.059585,14.909917,41647.247292,41646.630664,0.000000,41595.860000,0.075917,0.142173,-11.365964,-10.640329,-0.725635,15,19.876429,0
20 00:17:49,29.873271,2.575734,-0.059484,-0.059484,15.450032,3.577296,4.383620,15.673793,41647.459726,41647.996107,0.000000,41580.010000,0.084683,0.160152,-11.694940,-10.851251,-0.843689,-4,19.282857,0
20 00:18:50,30.212353,1.996773,-0.041314,-0.041314,16.572993,3.896293,4.678631,16.252441,41647.197564,41646.343732,0.000000,41601.880000,0.155820,0.271465,-11.330725,-10.947146,-0.383579,4,18.815000,0
20 00:19:51,30.946863,2.443678,-0.016710,-0.016710,17.821998,4.265237,4.941233,16.627819,41646.604733,41642.894959,0.000000,41585.690000,0.168151,0.310049,-11.317660,-11.021249,-0.296411,-18,18.502143,0
20 00:20:52,34.358573,7.322306,-0.057831,-0.057831,19.370865,4.955930,5.198314,16.903335,41645.932312,41639.330811,0.000000,41535.740000,0.084075,0.197062,-13.371461,-11.491291,-1.880170,-75,20.694286,0
20 00:21:53,37.101104,8.791772,-0.051761,-0.051761,21.195005,5.771041,5.418614,16.883942,41645.244901,41636.032696,0.000000,41564.990000,0.048467,0.129194,-14.758024,-12.144638,-2.613386,-31,18.866429,0
20 00:22:54,38.840772,7.818743,-0.045128,-0.045128,23.164405,6.425191,5.586964,16.505551,41644.254475,41631.237727,0.000000,41573.980000,0.067090,0.140999,-15.282524,-12.772215,-2.510309,7,18.594286,0
20 00:23:55,40.395444,6.951908,-0.065883,-0.065883,25.141960,6.757729,5.727797,15.979011,41643.068035,41625.743195,0.000000,41565.870000,0.071237,0.143810,-15.645946,-13.346961,-2.298985,-45,19.218571,0
20 00:24:57,41.565688,5.835893,-0.070658,-0.070658,27.033076,6.763512,5.856420,15.445498,41641.869572,41620.729763,0.000000,41568.510000,0.077503,0.152542,-15.710401,-13.819649,-1.890752,-13,18.584286,0
20 00:25:57,40.624673,1.663345,-0.031974,-0.031974,28.733213,6.420787,5.938541,14.721639,41640.742140,41616.615151,0.000000,41603.230000,0.163752,0.283147,-14.176034,-13.890926,-0.285108,4,18.450000,1
20 00:26:59,38.017358,-3.327082,0.001441,0.001441,30.174091,5.788356,5.944487,13.668017,41639.786881,41613.895936,0.000000,41618.180000,0.206876,0.370011,-11.513133,-13.415367,1.902235,52,17.850714,1
20 00:27:59,35.070749,-6.405234,0.012354,0.012354,31.275676,4.888934,5.895530,12.504106,41638.901891,41611.830909,0.000000,41613.650000,0.228438,0.424225,-8.826688,-12.497632,3.670944,31,18.229286,0
20 00:29:01,31.936688,-8.158420,0.032476,0.032476,32.006611,3.808192,5.809657,11.404641,41638.068835,41610.215528,0.000000,41617.740000,0.239219,0.456722,-6.223739,-11.242853,5.019114,18,17.742857,0
20 00:30:02,28.583841,-9.249970,0.069116,0.069116,32.379741,2.674343,5.689049,10.432622,41637.303652,41609.100328,0.000000,41623.990000,0.244609,0.475666,-3.665381,-9.727359,6.061977,1,16.809286,1
20 00:31:03,25.343706,-9.436436,0.061130,0.061130,32.440671,1.610884,5.534064,9.628758,41636.581454,41608.291782,0.000000,41623.990000,0.247305,0.486485,-1.395156,-8.060918,6.665762,16,17.597857,1
20 00:32:04,22.980520,-7.867640,0.062186,0.062186,32.295423,0.778309,5.345103,8.967280,41635.803941,41607.161057,0.000000,41611.990000,0.237743,0.476205,0.032798,-6.442175,6.474973,0,17.163571,0
20 00:33:05,20.783967,-6.626790,0.130950,0.130950,31.980847,0.140305,5.120000,8.462744,41634.841776,41604.969424,0.000000,41618.730000,0.234817,0.471457,1.236718,-4.906396,6.143115,13,17.265714,0
20 00:34:07,19.992571,-3.505091,0.102392,0.102392,31.587611,-0.238889,4.871124,8.066139,41634.027289,41603.817496,0.000000,41595.680000,0.208187,0.430601,1.289257,-3.667266,4.956523,-11,15.639286,0
20 00:35:08,23.522398,5.534282,-0.007880,-0.007880,31.352939,-0.078839,4.643532,7.587665,41633.124375,41602.180558,0.000000,41524.870000,0.135150,0.313931,-1.946908,-3.323194,1.376286,-51,21.464286,0
20 00:36:09,31.383737,17.621561,-0.117202,-0.117202,31.506446,0.748568,4.508140,7.269605,41631.666825,41597.311863,0.000000,41471.710000,0.067575,0.190753,-8.211838,-4.300923,-3.910915,-124,26.912143,0
20 00:37:09,38.886431,23.143907,-0.138060,-0.138060,32.018421,1.856162,4.499263,7.656981,41630.259012,41593.161693,0.000000,41502.450000,0.033787,0.112270,-13.676410,-6.176020,-7.500389,-115,27.106429,0
20 00:38:11,47.269860,27.173531,-0.227854,-0.227854,32.888268,3.086052,4.684790,9.252318,41628.983526,41590.147138,0.000000,41471.110000,0.016894,0.064582,-19.376807,-8.816178,-10.560630,-129,30.192857,0
20 00:39:12,54.893450,27.601480,-0.279933,-0.279933,34.122233,4.366287,5.047650,11.707977,41627.701316,41587.310948,0.000000,41480.020000,0.008447,0.036514,-24.054176,-11.863777,-12.190398,-73,28.607857,0
20 00:40:13,61.367827,25.493167,-0.295987,-0.295987,35.643764,5.518761,5.562241,14.603968,41626.457438,41584.895056,0.000000,41483.800000,0.004223,0.020369,-27.509921,-14.993006,-12.516915,-78,28.994286,0
20 00:41:13,65.053782,19.339948,-0.268684,-0.268684,37.178745,6.119644,6.190369,17.509999,41625.606385,41584.984038,0.000000,41517.280000,0.027449,0.049247,-28.601157,-17.714636,-10.886521,-75,30.660000,0
20 00:42:14,66.009143,11.279034,-0.235241,-0.235241,38.624517,6.244007,6.845873,20.046209,41625.112553,41587.097715,0.000000,41539.990000,0.064811,0.108115,-27.572986,-19.686306,-7.886680,-51,32.549286,0
20 00:43:15,66.145369,5.646206,-0.230235,-0.230235,39.988309,6.135380,7.496376,22.220605,41624.749363,41589.681966,0.000000,41530.240000,0.089420,0.155782,-26.063511,-20.961747,-5.101764,-67,33.450000,0
20 00:44:16,65.858167,2.117870,-0.213841,-0.213841,41.262012,5.893678,8.133573,24.090209,41624.499766,41592.566203,0.000000,41529.830000,0.104516,0.189955,-24.405355,-21.650469,-2.754886,-63,32.963571,1
20 00:45:17,64.794226,-0.819842,-0.201505,-0.201505,42.423719,5.560891,8.740791,25.649206,41624.372166,41595.792044,0.000000,41540.000000,0.119919,0.222598,-22.333215,-21.787018,-0.546197,-51,33.069286,0
20 00:46:18,63.580109,-2.344015,-0.172090,-0.172090,43.570135,5.360523,9.295976,26.898722,41624.303896,41598.965722,0.000000,41536.340000,0.133830,0.252085,-20.353772,-21.500369,1.146597,-32,34.660000,0
20 00:47:19,63.245601,-1.362664,-0.093949,-0.093949,44.832378,5.458744,9.796115,27.879967,41624.143712,41601.168223,0.000000,41518.370000,0.132183,0.257402,-19.236995,-21.047694,1.810699,-47,35.040714,0
20 00:48:20,61.278452,-3.368548,0.054240,0.054240,46.142002,5.610578,10.202541,28.431589,41624.007457,41603.229429,0.000000,41555.800000,0.170749,0.318733,-16.982878,-20.234731,3.251853,-40,30.430000,1
20 00:49:21,59.166566,-4.464799,0.080100,0.080100,47.505733,5.795259,10.502579,28.513305,41623.648514,41603.659367,0.000000,41546.430000,0.210374,0.389554,-14.817065,-19.151198,4.334132,-49,25.790000,1
20 00:50:22,57.122118,-4.713310,0.129534,0.129534,48.931513,6.022092,10.680618,28.065420,41622.441172,41598.923129,0.000000,41545.350000,0.230187,0.434870,-12.891310,-17.899220,5.007910,-49,23.761429,1
20 00:51:23,54.210500,-6.134110,0.165980,0.165980,50.372543,6.187209,10.707234,26.969027,41620.277733,41588.900205,0.000000,41563.990000,0.240094,0.462482,-10.462123,-16.411801,5.949678,-55,23.155714,1
20 00:52:23,52.500603,-4.678234,0.146618,0.146618,51.851212,6.346679,10.589904,25.240788,41617.995264,41579.112038,0.000000,41536.590000,0.230556,0.457029,-9.145818,-14.958604,5.812786,-34,22.507143,1
20 00:53:24,51.180491,-3.099263,0.100653,0.100653,53.371107,6.523055,10.307577,22.723014,41615.346211,41568.079587,0.000000,41540.000000,0.221436,0.445391,-8.227352,-13.612354,5.385002,22,21.909286,0
20 00:54:25,51.202565,0.110496,0.023822,0.023822,54.930335,6.703835,9.869016,19.334199,41612.637950,41557.749166,0.000000,41518.000000,0.198192,0.409266,-8.400017,-12.569887,4.169869,111,20.526429,0
20 00:55:26,52.487240,3.985269,-0.020276,-0.020276,56.378323,6.626384,9.352581,15.479017,41609.970172,41548.607784,0.000000,41503.510000,0.149481,0.329758,-9.510528,-11.958015,2.447487,79,19.599286,0
20 00:56:26,54.648776,7.487715,-0.053410,-0.053410,57.538161,6.119692,8.871232,11.926705,41607.694554,41542.650442,0.000000,41493.890000,0.074740,0.202249,-11.191387,-11.804689,0.613302,87,18.917857,0
20 00:57:27,55.814939,7.525293,-0.055725,-0.055725,58.384491,5.338761,8.437497,8.713276,41605.876628,41539.877828,0.000000,41515.890000,0.057071,0.149361,-11.962861,-11.836324,-0.126538,107,20.445000,0
20 00:58:28,57.611608,8.479363,-0.080528,-0.080528,58.904172,4.404053,8.119459,6.458195,41604.201450,41538.062445,0.000000,41492.590000,0.029028,0.089687,-13.151358,-12.099331,-1.052027,68,20.405000,0
20 00:59:29,59.024733,8.217155,-0.061066,-0.061066,59.109030,3.434837,7.935498,5.560714,41602.602973,41536.753687,0.000000,41501.100000,0.014514,0.052101,-13.953409,-12.470146,-1.483263,77,21.956429,0
20 01:00:30,60.743982,8.493296,-0.111334,-0.111334,59.077426,2.584843,7.901196,6.027349,41601.168393,41536.384000,0.000000,41488.660000,0.007257,0.029679,-14.929350,-12.961987,-1.967363,71,23.005714,0
20 01:01:31,60.862309,5.823661,-0.089880,-0.089880,58.868670,1.909029,7.954317,6.878931,41599.791569,41536.219512,0.000000,41518.000000,0.046174,0.080472,-14.606868,-13.290963,-1.315904,111,22.809286,0
20 01:02:32,60.044872,2.763735,-0.074137,-0.074137,58.570413,1.483264,8.036528,7.645398,41598.268514,41535.031954,0.000000,41521.090000,0.090223,0.152483,-13.606016,-13.353974,-0.252042,115,23.572143,1
20 01:03:33,59.855847,2.227664,-0.112852,-0.112852,58.257295,1.312337,8.147141,8.386239,41597.081793,41535.810400,0.000000,41501.000000,0.096810,0.176345,-13.177261,-13.318631,0.141370,86,26.421429,0
20 01:04:33,58.363242,-0.229516,-0.064369,-0.064369,57.886544,1.194967,8.255975,8.954271,41595.976781,41536.814695,0.000000,41530.000000,0.136952,0.245196,-11.789701,-13.012845,1.223144,73,28.065000,0
20 01:05:34,55.476854,-3.832297,-0.024291,-0.024291,57.418679,1.044344,8.324664,9.250353,41594.903778,41537.787531,0.000000,41546.560000,0.193476,0.344336,-9.456976,-12.301671,2.844696,100,27.617857,0
20 01:06:35,50.774524,-8.732974,0.053682,0.053682,56.778015,0.724897,8.321655,9.254767,41594.056925,41539.850801,0.000000,41572.680000,0.221738,0.408037,-5.924122,-11.026161,5.102039,120,29.337143,0
20 01:07:36,46.683022,-10.123261,0.084405,0.084405,55.948442,0.286867,8.271871,9.171283,41593.042001,41540.549682,0.000000,41551.300000,0.234381,0.444721,-3.142745,-9.449478,6.306733,97,29.160000,1
20 01:08:37,42.107619,-11.492001,0.134142,0.134142,54.989621,-0.119306,8.144529,9.038781,41591.992812,41540.821087,0.000000,41570.200000,0.242191,0.468456,-0.200962,-7.599775,7.398813,124,29.104286,1
20 01:09:37,37.645389,-11.845350,0.131480,0.131480,53.912093,-0.488333,7.936192,8.965680,41590.706452,41539.513508,0.000000,41569.370000,0.246095,0.482276,2.436452,-5.592529,8.028981,103,28.717857,1
20 01:10:38,33.119541,-11.990272,0.167268,0.167268,52.711441,-0.852182,7.643955,9.074109,41589.168227,41536.691224,0.000000,41576.850000,0.248048,0.490162,4.938537,-3.486316,8.424853,89,27.315000,1
20 01:11:39,28.356159,-12.356573,0.186390,0.186390,51.418268,-1.163305,7.243232,9.430550,41587.422129,41532.781398,0.000000,41586.390000,0.249024,0.494593,7.454844,-1.298084,8.752928,96,26.916429,1
20 01:12:40,23.606059,-12.447389,0.215525,0.215525,49.975123,-1.551762,6.745929,10.196782,41585.823746,41530.015136,0.000000,41590.170000,0.249512,0.497052,9.798255,0.921184,8.877072,88,26.458571,1
20 01:13:41,19.676930,-11.039119,0.183107,0.183107,48.401817,-1.948755,6.158258,11.301430,41584.070951,41526.465826,0.000000,41580.570000,0.245541,0.492082,11.368145,3.010576,8.357569,87,24.122143,0
20 01:14:42,16.907842,-8.289009,0.150445,0.150445,46.685280,-2.368730,5.509344,12.616378,41582.345164,41523.327639,0.000000,41570.000000,0.229999,0.468269,11.969741,4.802409,7.167332,91,22.755000,0
20 01:15:43,14.755829,-5.824103,0.159858,0.159858,44.801921,-2.859199,4.832755,14.031221,41580.528733,41519.787954,0.000000,41571.250000,0.211777,0.436800,12.105115,6.262950,5.842165,85,21.972857,0
20 01:16:43,12.288377,-5.151533,0.146082,0.146082,42.684098,-3.491161,4.157059,15.492601,41578.986511,41518.127595,0.000000,41584.950000,0.210502,0.428265,12.519889,7.514338,5.005551,108,19.993571,0
20 01:17:44,9.852914,-4.877462,0.119233,0.119233,40.388775,-4.111299,3.472529,16.897853,41577.631376,41517.586338,0.000000,41584.950000,0.214424,0.430518,12.925509,8.596572,4.328937,87,17.487143,0
20 01:18:45,8.059033,-3.770197,0.063595,0.063595,37.911871,-4.723777,2.813877,18.095706,41576.168873,41516.312892,0.000000,41576.010000,0.200483,0.408772,12.851087,9.447475,3.403612,95,15.197143,0
20 01:19:46,6.569484,-2.800995,0.063638,0.063638,35.289187,-5.274685,2.194700,19.004824,41574.971668,41516.611204,0.000000,41577.760000,0.178395,0.371737,12.593671,10.076714,2.516957,82,12.909286,0
20 01:20:47,5.776430,-1.242825,0.030103,0.030103,32.538671,-5.761491,1.659476,19.480449,41574.087097,41518.613515,0.000000,41568.780000,0.090825,0.232908,11.863968,10.434165,1.429803,54,12.371429,0
20 01:21:47,4.693704,-1.070980,0.029149,0.029149,29.730735,-6.106223,1.194671,19.598953,41573.641035,41522.868682,0.000000,41581.090000,0.070258,0.176428,11.455807,10.638493,0.817314,47,11.720714,0
20 01:22:48,3.926030,-0.598251,0.011144,0.011144,26.922797,-6.274322,0.798709,19.372264,41573.187323,41526.507274,0.000000,41574.000000,0.042096,0.116230,10.872052,10.685205,0.186847,52,12.575000,0
20 01:23:49,3.032901,-0.709133,-0.002113,-0.002113,24.080318,-6.421162,0.551720,18.702100,41572.933462,41530.829954,0.000000,41580.000000,0.042794,0.101258,10.463403,10.640845,-0.177442,36,12.597143,0
20 01:24:50,1.984865,-1.171954,-0.009473,-0.009473,21.263892,-6.468284,0.468549,17.664477,41572.775314,41535.129879,0.000000,41583.170000,0.061487,0.121462,10.236736,10.560023,-0.323287,25,12.745000,1
20 01:25:51,2.091919,0.441848,-0.028160,-0.028160,18.595528,-6.254577,0.471410,16.296649,41572.739910,41539.618604,0.000000,41561.090000,0.030743,0.076103,9.168178,10.281654,-1.113476,35,12.714286,0
20 01:26:51,1.898751,0.680708,-0.006698,-0.006698,16.151124,-5.783892,0.489726,14.860742,41572.863489,41544.505633,0.000000,41576.140000,0.029491,0.066916,8.439637,9.913251,-1.473614,25,11.560714,0
20 01:27:52,0.197216,-1.881817,0.034680,0.034680,13.826579,-5.371820,0.518745,13.399693,41573.104272,41549.497732,0.000000,41602.870000,0.102710,0.172777,8.945382,9.719677,-0.774295,47,13.310000,1
20 01:28:53,-2.237992,-4.578022,0.043769,0.043769,11.609388,-5.026121,0.568518,12.069273,41573.300113,41553.623791,0.000000,41606.930000,0.176355,0.299566,9.987976,9.773337,0.214639,36,14.796429,0
20 01:29:54,-4.805221,-6.263131,0.048313,0.048313,9.489133,-4.747010,0.649789,10.929030,41573.364241,41556.452456,0.000000,41606.930000,0.213177,0.381372,11.065148,10.031699,1.033449,28,14.326429,0
20 01:30:55,-9.019357,-9.946145,0.102419,0.102419,7.379655,-4.644804,0.822696,10.254684,41573.369553,41558.614843,0.000000,41641.090000,0.231589,0.431480,13.332569,10.691873,2.640696,20,15.700000,0
20 01:31:56,-15.927560,-16.452348,0.180736,0.180736,5.165752,-4.849593,1.176370,10.593729,41573.494547,41561.206834,0.000000,41685.470000,0.240794,0.461137,17.502033,12.053905,5.448128,81,19.677143,0
20 01:32:56,-23.735240,-21.320595,0.236926,0.236926,2.798863,-5.293253,1.704486,12.137058,41573.675119,41563.824779,0.000000,41690.630000,0.245397,0.478267,22.047532,14.052630,7.994902,102,21.680714,0
20 01:33:57,-30.411926,-21.780948,0.229029,0.229029,0.294516,-5.830345,2.328456,14.393684,41573.787828,41565.731706,0.000000,41673.040000,0.247699,0.487983,25.395111,16.321127,9.073985,68,23.855000,0
20 01:34:58,-35.968077,-19.912197,0.231066,0.231066,-2.350930,-6.411504,3.000943,16.899039,41573.882526,41567.317754,0.000000,41670.910000,0.246334,0.489642,27.662270,18.589355,9.072914,72,24.032857,0
20 01:35:59,-41.090591,-18.052390,0.236433,0.236433,-5.141525,-7.022918,3.709642,19.480402,41573.878512,41568.103041,0.000000,41680.540000,0.248167,0.493905,29.474304,20.766345,8.707959,72,23.969286,0
20 01:37:00,-44.325853,-13.790504,0.205798,0.205798,-7.973034,-7.454867,4.412727,21.878875,41573.949793,41569.258289,0.000000,41656.010000,0.218094,0.450010,29.755199,22.564116,7.191084,63,24.544286,0
20 01:38:01,-46.381800,-9.550476,0.215322,0.215322,-10.785635,-7.688518,5.092014,23.996268,41573.984481,41570.060067,0.000000,41654.540000,0.186518,0.395735,29.176101,23.886513,5.289589,53,24.009286,0
20 01:39:01,-48.025502,-6.729312,0.208968,0.208968,-13.589607,-7.836473,5.742365,25.813275,41574.064725,41571.032091,0.000000,41660.380000,0.170769,0.360762,28.392794,24.787769,3.605025,69,23.415000,0
20 01:40:02,-49.108412,-4.474721,0.168949,0.168949,-16.371897,-7.920160,6.354396,27.303263,41574.200428,41572.215970,0.000000,41656.520000,0.156982,0.330470,27.303014,25.290818,2.012196,75,24.382143,0
20 01:41:03,-48.207558,-0.125993,0.107161,0.107161,-19.067197,-7.864318,6.885505,28.273266,41574.133960,41572.038545,0.000000,41625.820000,0.099183,0.235519,24.837294,25.200113,-0.362819,77,23.572857,-1
20 01:42:04,-46.032228,4.100918,0.066314,0.066314,-21.603928,-7.605723,7.319650,28.703696,41574.119765,41572.217262,0.000000,41617.530000,0.049592,0.142555,21.641382,24.488367,-2.846985,58,23.377143,-1
20 01:43:05,-43.603537,6.466991,0.009368,0.009368,-23.979820,-7.252461,7.651909,28.625497,41574.413398,41574.211247,0.000000,41621.300000,0.024796,0.083676,18.550690,23.300832,-4.750142,47,24.200000,0
20 01:44:05,-41.293691,7.189559,-0.069839,-0.069839,-26.193138,-6.857526,7.885047,28.104514,41574.899286,41577.128537,0.000000,41623.390000,0.012398,0.048037,15.831092,21.806884,-5.975792,56,21.702857,0
20 01:45:06,-39.376068,6.600306,-0.110398,-0.110398,-28.259343,-6.468913,8.024571,27.203356,41575.471543,41580.267443,0.000000,41627.710000,0.009287,0.031751,13.648893,20.175286,-6.526392,57,18.090714,-1
20 01:46:07,-37.317160,6.280272,-0.118837,-0.118837,-30.233031,-6.176992,8.047234,25.802351,41576.430796,41585.442124,0.000000,41620.000000,0.004644,0.018197,11.540605,18.448350,-6.907744,25,15.646429,0
20 01:47:08,-35.405206,5.655054,-0.117961,-0.117961,-32.098037,-5.928275,7.944347,23.885418,41578.038510,41593.957790,0.000000,41622.120000,0.002322,0.010260,9.720332,16.702746,-6.982414,46,14.733571,0
20 01:48:09,-32.671144,6.572025,-0.151605,-0.151605,-33.740234,-5.505583,7.715061,21.545763,41580.000047,41603.725406,0.000000,41603.330000,0.001161,0.005710,7.415477,14.845292,-7.429815,34,14.851429,0
20 01:49:10,-29.628016,7.468804,-0.141702,-0.141702,-35.110513,-4.903242,7.358358,18.851460,41581.928315,41612.330901,0.000000,41601.110000,0.000580,0.003145,5.052656,12.886765,-7.834109,6,13.937143,-1
20 01:50:11,-26.347037,8.241482,-0.141624,-0.141624,-36.188197,-4.178011,6.862484,15.799344,41583.799200,41619.756998,0.000000,41595.580000,0.000290,0.001718,2.687033,10.846819,-8.159785,-43,13.904286,-1
20 01:51:12,-22.496678,9.524304,-0.164054,-0.164054,-36.861439,-3.204489,6.243680,12.700214,41585.724286,41626.804853,0.000000,41582.690000,0.000145,0.000931,0.060459,8.689547,-8.629088,-72,13.341429,-1
20 01:52:13,-19.048387,9.431757,-0.161570,-0.161570,-37.017317,-1.910283,5.571041,10.324518,41587.399100,41631.713612,0.000000,41590.250000,0.000073,0.000502,-2.067822,6.538073,-8.605895,-62,14.385000,-1
20 01:53:13,-16.925829,7.050116,-0.102213,-0.102213,-36.679741,-0.491748,4.906122,9.186361,41588.915344,41635.287843,0.000000,41608.000000,0.020424,0.030851,-3.038603,4.622738,-7.661341,-41,15.013571,0
20 01:54:14,-17.134587,1.775303,-0.024915,-0.024915,-36.017250,0.686065,4.279791,8.961208,41590.402332,41638.419829,0.000000,41639.350000,0.070503,0.110968,-2.177577,3.262675,-5.440252,-40,15.057857,0
20 01:55:15,-18.554878,-3.041766,0.015025,0.015025,-35.145894,1.529586,3.715705,9.149641,41591.820913,41640.921333,0.000000,41644.180000,0.147169,0.240985,-0.492027,2.511734,-3.003761,-15,14.553571,0
20 01:56:16,-20.117503,-5.691529,0.026720,0.026720,-34.096946,2.147629,3.251456,9.421226,41592.869759,41641.071908,0.000000,41639.380000,0.198584,0.344785,1.135785,2.236545,-1.100759,-5,14.196429,0
20 01:57:17,-20.460863,-4.811592,0.001071,0.001071,-32.904314,2.596575,2.868230,9.608673,41593.639570,41639.666415,0.000000,41617.480000,0.198267,0.370501,1.675498,2.124335,-0.448837,-25,15.394286,0
20 01:58:17,-21.558205,-5.437302,0.028177,0.028177,-31.662116,2.802234,2.583222,9.579609,41594.306440,41637.903611,0.000000,41643.010000,0.216050,0.410192,2.736198,2.246708,0.489490,-24,16.201429,0
20 01:59:19,-22.921446,-6.060673,0.040300,0.040300,-30.408361,2.835666,2.426191,9.281479,41594.934006,41636.225284,0.000000,41643.940000,0.233025,0.446608,3.901615,2.577689,1.323926,-12,16.156429,0
20 02:00:19,-25.045720,-7.547308,0.086889,0.086889,-29.206088,2.682036,2.423024,8.701713,41595.582713,41634.958810,0.000000,41658.870000,0.241512,0.469060,5.548509,3.171853,2.376656,21,16.797857,0
20 02:01:20,-25.092369,-4.655205,0.061729,0.061729,-28.050781,2.455576,2.491056,8.012400,41596.154678,41633.469803,0.000000,41616.320000,0.205955,0.422707,5.467570,3.630996,1.836573,-18,18.730000,0
20 02:02:21,-23.777419,-0.694708,0.045796,0.045796,-26.935826,2.215794,2.569724,7.334031,41596.708166,41632.108999,0.000000,41608.000000,0.163417,0.353502,4.355990,3.775995,0.579995,-28,20.079286,-1
20 02:03:23,-20.875051,4.141358,0.028613,0.028613,-25.798399,2.099513,2.619102,6.698441,41597.048296,41629.714960,0.000000,41587.440000,0.114503,0.266797,2.122468,3.445290,-1.322822,-45,19.825714,0
20 02:04:23,-17.715126,7.081553,0.016495,0.016495,-24.615283,2.094113,2.635855,6.143738,41597.261566,41626.879758,0.000000,41592.070000,0.081191,0.197933,-0.123451,2.731542,-2.854992,-46,19.170000,0
20 02:05:24,-13.713982,9.956138,-0.032620,-0.032620,-23.330530,2.261904,2.616545,5.745601,41597.348347,41623.683122,0.000000,41574.000000,0.047878,0.130189,-2.838317,1.617570,-4.455887,-50,19.547857,0
20 02:06:25,-8.468405,13.451936,-0.121481,-0.121481,-21.885829,2.620487,2.552976,5.797753,41597.240388,41619.722524,0.000000,41551.800000,0.023939,0.077064,-6.296800,0.034696,-6.331496,-50,17.743571,-1
20 02:07:26,-3.319859,14.972573,-0.165799,-0.165799,-20.283958,3.086363,2.465675,6.426655,41597.111227,41616.147729,0.000000,41556.690000,0.011970,0.044517,-9.421534,-1.856550,-7.564984,-32,18.302143,-1
20 02:08:26,1.417905,14.893803,-0.182194,-0.182194,-18.581383,3.502452,2.365739,7.623132,41597.160937,41614.074524,0.000000,41556.690000,0.005985,0.025251,-12.005747,-3.886389,-8.119357,-19,17.410000,0
20 02:09:27,4.360715,11.635509,-0.134827,-0.134827,-16.884516,3.710788,2.267614,8.987708,41597.623172,41614.747213,0.000000,41581.090000,0.024867,0.046934,-13.042092,-5.717530,-7.324562,-6,18.592143,0
20 02:10:28,7.804367,10.670551,-0.176059,-0.176059,-15.176613,3.832241,2.183810,10.556996,41598.336539,41616.881064,0.000000,41552.530000,0.025033,0.048583,-14.418808,-7.457786,-6.961022,-12,19.672857,0
20 02:11:29,10.946494,9.634667,-0.191948,-0.191948,-13.504953,3.837759,2.123786,12.252668,41599.112844,41619.220808,0.000000,41557.390000,0.023033,0.046325,-15.495965,-9.065421,-6.430543,1,19.625000,0
20 02:12:30,13.594246,8.269190,-0.214982,-0.214982,-11.874219,3.779631,2.105738,13.968056,41599.683144,41620.135645,0.000000,41559.720000,0.022357,0.045181,-16.151789,-10.482695,-5.669094,-1,19.833571,0
20 02:13:31,14.828586,5.188992,-0.152606,-0.152606,-10.285483,3.686575,2.141268,15.519598,41600.415967,41621.965533,0.000000,41578.790000,0.043184,0.076189,-15.715165,-11.529189,-4.185976,3,20.554286,0
20 02:14:32,15.117965,2.047910,-0.106167,-0.106167,-8.674012,3.700205,2.248295,16.818728,41601.226616,41624.139514,0.000000,41583.160000,0.067814,0.118223,-14.636497,-12.150650,-2.485846,-1,17.253571,0
20 02:15:32,14.963222,-0.220282,-0.058260,-0.058260,-6.998912,3.841279,2.416120,17.820672,41602.223933,41627.261286,0.000000,41583.150000,0.106683,0.185229,-13.346241,-12.389769,-0.956473,10,16.266429,1
20 02:16:33,14.287476,-2.122238,-0.032380,-0.032380,-5.277610,4.019744,2.609719,18.473730,41602.860959,41627.943230,0.000000,41589.370000,0.164839,0.286531,-11.795999,-12.271015,0.475016,-1,16.843571,1
20 02:17:34,13.582023,-2.975365,-0.001466,-0.001466,-3.573445,4.111555,2.801835,18.835652,41603.228480,41626.995129,0.000000,41586.250000,0.207419,0.371975,-10.377806,-11.892373,1.514567,-9,17.935714,0
20 02:18:35,12.685449,-3.545220,0.045563,0.045563,-1.861068,4.206159,2.972590,18.850762,41603.243421,41624.108140,0.000000,41590.290000,0.228710,0.425342,-8.952687,-11.304436,2.351749,-21,18.675000,1
20 02:19:36,11.593549,-3.991458,0.066959,0.066959,-0.135790,4.309620,3.098720,18.457975,41603.134144,41620.842698,0.000000,41593.410000,0.239355,0.457349,-7.511804,-10.545909,3.034105,1,17.998571,1
20 02:20:36,10.325592,-4.359292,0.081269,0.081269,1.631241,4.469021,3.147418,17.504848,41602.776089,41616.486398,0.000000,41596.410000,0.244677,0.476013,-6.066489,-9.650025,3.583536,16,16.788571,1
20 02:21:37,8.805020,-4.840647,0.065004,0.065004,3.326126,4.459749,3.110207,16.087220,41602.071056,41610.537618,0.000000,41601.360000,0.247339,0.486676,-4.552144,-8.630449,4.078305,32,18.277143,1
20 02:22:38,6.556585,-6.210263,0.107855,0.107855,4.843164,4.183971,2.980496,14.285805,41601.253849,41604.569550,0.000000,41615.160000,0.248669,0.492673,-2.606966,-7.425752,4.818787,48,17.563571,1
20 02:23:39,4.001303,-7.337469,0.126850,0.126850,6.084388,3.610029,2.773191,12.316664,41600.386675,41598.966048,0.000000,41618.000000,0.249335,0.496004,-0.586556,-6.057913,5.471357,64,16.371429,1
20 02:24:39,1.921869,-7.010428,0.123784,0.123784,7.067286,2.905430,2.495910,10.276485,41599.763793,41595.397263,0.000000,41609.890000,0.245983,0.492308,0.912945,-4.663741,5.576687,72,16.158571,1
20 02:25:40,-0.074574,-6.590235,0.105456,0.105456,7.748390,2.078112,2.167930,8.414156,41598.965337,41591.156716,0.000000,41615.020000,0.247991,0.495150,2.236917,-3.283610,5.520527,65,14.824286,0
20 02:26:41,-0.043919,-2.840355,0.048474,0.048474,8.171239,1.263497,1.837804,7.035237,41598.143679,41587.191057,0.000000,41579.630000,0.199077,0.422194,1.916934,-2.243501,4.160435,50,16.342857,1
20 02:27:42,0.964531,0.838060,0.017405,0.017405,8.386754,0.556772,1.526499,6.193902,41597.341958,41583.739140,0.000000,41577.470000,0.134832,0.313807,0.892340,-1.616333,2.508673,45,15.734286,1
20 02:28:43,1.237773,1.479046,0.019270,0.019270,8.376743,-0.113966,1.247300,5.888939,41596.754581,41581.919605,0.000000,41598.160000,0.106829,0.249731,0.528645,-1.187337,1.715982,65,16.746429,0
20 02:29:44,1.411080,1.547034,0.018532,0.018532,8.229273,-0.618390,0.971048,5.848674,41596.326257,41581.201083,0.000000,41593.650000,0.086118,0.200628,0.282396,-0.893390,1.175787,71,15.972857,1
20 02:30:44,1.924168,2.071414,0.004108,0.004108,7.934107,-1.048347,0.732501,5.967673,41595.978172,41581.008537,0.000000,41586.000000,0.055406,0.140364,-0.196518,-0.754016,0.557498,33,16.028571,1
20 02:31:45,2.342809,2.104860,-0.002226,-0.002226,7.502865,-1.424837,0.555218,6.080913,41595.738526,41581.446890,0.000000,41589.850000,0.040842,0.103742,-0.557319,-0.714677,0.157358,18,15.250714,1
20 02:32:46,3.735310,3.707355,-0.033173,-0.033173,7.009526,-1.652929,0.464085,6.016486,41595.522701,41581.938863,0.000000,41569.740000,0.020421,0.062081,-1.629666,-0.897674,-0.731991,6,15.531429,0
20 02:33:47,5.588706,5.269525,-0.058066,-0.058066,6.547019,-1.648902,0.453310,5.788022,41595.362262,41582.676048,0.000000,41566.850000,0.010210,0.036146,-2.964532,-1.311046,-1.653486,-5,15.366429,0
20 02:34:48,7.443765,6.009632,-0.085833,-0.085833,6.163680,-1.450816,0.515272,5.496678,41595.264253,41583.669438,0.000000,41567.890000,0.005105,0.020626,-4.191742,-1.887185,-2.304557,-6,13.755714,0
20 02:35:48,7.944442,3.997463,-0.075233,-0.075233,5.811900,-1.239929,0.603540,5.178825,41595.227212,41584.900331,0.000000,41591.100000,0.041234,0.069611,-4.287287,-2.367206,-1.920082,10,13.905000,0
20 02:36:49,8.005732,2.108773,-0.064485,-0.064485,5.498636,-1.028379,0.697127,4.878130,41595.274455,41586.467577,0.000000,41587.530000,0.070710,0.120253,-4.046592,-2.703083,-1.343509,-1,14.695000,0
20 02:37:50,7.240590,-0.315903,-0.050961,-0.050961,5.179516,-0.895405,0.776805,4.562186,41595.501924,41588.946523,0.000000,41599.440000,0.109833,0.189522,-3.203507,-2.803168,-0.400340,8,14.967143,1
20 02:38:51,5.620435,-3.035037,0.011003,0.011003,4.825734,-0.869896,0.830462,4.220178,41595.848115,41591.846904,0.000000,41609.990000,0.154784,0.272020,-1.781471,-2.598828,0.817357,6,14.853571,0
20 02:39:52,4.664068,-3.273145,0.023381,0.023381,4.479374,-0.833981,0.872718,3.903526,41596.164253,41594.243514,0.000000,41592.340000,0.162970,0.303073,-0.988531,-2.276769,1.288238,-2,15.797857,0
20 02:40:52,3.598654,-3.492351,0.015235,0.015235,4.143010,-0.790634,0.903844,3.640000,41596.515369,41596.590562,0.000000,41601.110000,0.196606,0.364960,-0.176962,-1.856807,1.679846,15,14.129286,1
20 02:41:53,1.976159,-4.479290,0.030049,0.030049,3.801505,-0.772566,0.920416,3.474714,41596.511268,41596.557360,0.000000,41612.310000,0.223303,0.419131,0.997151,-1.286016,2.283167,-1,14.040000,1
20 02:42:54,-0.015205,-5.559683,0.052343,0.052343,3.473340,-0.740037,0.923315,3.500197,41596.311360,41595.349874,0.000000,41617.040000,0.236651,0.452891,2.362462,-0.556320,2.918782,13,13.405000,0
20 02:43:55,-2.174679,-6.340885,0.062406,0.062406,3.163061,-0.690208,0.913639,3.726305,41596.230848,41594.997232,0.000000,41619.990000,0.243326,0.473109,3.751285,0.305201,3.446084,11,12.724286,0
20 02:44:56,-4.498566,-6.962085,0.097517,0.097517,2.842368,-0.687790,0.900364,4.140743,41596.165622,41594.758749,0.000000,41624.880000,0.246663,0.484886,5.164716,1.277104,3.887612,23,11.552857,0
20 02:45:56,-6.838920,-7.246819,0.121313,0.121313,2.502710,-0.720620,0.895244,4.726556,41596.025900,41594.106991,0.000000,41627.170000,0.248331,0.491609,6.488622,2.319407,4.169214,52,11.348571,0
20 02:46:57,-8.723333,-6.562379,0.125466,0.125466,2.069388,-0.906721,0.937067,5.497591,41595.894502,41593.555785,0.000000,41621.770000,0.245481,0.489860,7.374229,3.330372,4.043857,32,10.914286,0
20 02:47:58,-9.835015,-4.840629,0.089689,0.089689,1.530303,-1.190655,1.032307,6.327572,41595.558195,41591.826146,0.000000,41613.530000,0.226738,0.462297,7.616534,4.187604,3.428930,20,10.850000,0
20 02:48:59,-10.396881,-2.981357,0.073181,0.073181,0.947509,-1.413675,1.156778,7.100804,41595.092658,41589.508419,0.000000,41611.100000,0.204714,0.424851,7.438898,4.837863,2.601035,1,11.662857,0
20 02:50:00,-11.555402,-3.052377,0.071110,0.071110,0.299655,-1.643646,1.317103,7.892420,41594.582298,41587.143263,0.000000,41628.160000,0.203189,0.414852,7.755067,5.421304,2.333764,22,10.663571,0
20 02:51:00,-12.241325,-2.342263,0.042867,0.042867,-0.408160,-1.864330,1.497920,8.633712,41594.296290,41586.355803,0.000000,41616.080000,0.185261,0.383723,7.702637,5.877570,1.825067,4,10.398571,0
20 02:52:01,-12.754621,-1.730265,0.052183,0.052183,-1.162552,-2.056086,1.688844,9.301962,41594.085969,41586.084677,0.000000,41617.920000,0.160489,0.339965,7.541288,6.210314,1.330974,21,9.893571,0
20 02:53:02,-13.499564,-1.870659,0.054625,0.054625,-2.022287,-2.334987,1.887564,9.881713,41594.040721,41586.800767,0.000000,41624.850000,0.157479,0.325957,7.589098,6.486071,1.103027,26,10.152143,0
20 02:54:03,-14.039926,-1.663348,0.037018,0.037018,-3.001713,-2.681630,2.076740,10.286758,41594.185903,41588.563383,0.000000,41620.390000,0.150230,0.309584,7.492261,6.687309,0.804952,10,9.557857,0
20 02:55:03,-14.269941,-1.083698,0.018723,0.018723,-4.085649,-3.036297,2.236097,10.425122,41594.238690,41589.570566,0.000000,41617.220000,0.120447,0.260347,7.180666,6.785980,0.394686,12,9.300714,0
20 02:56:04,-14.325024,-0.538674,0.005888,0.005888,-5.197238,-3.263104,2.362438,10.337350,41594.337453,41590.732423,0.000000,41617.100000,0.060223,0.160285,6.774750,6.783734,-0.008984,12,9.609286,0
20 02:57:05,-14.017968,0.305982,-0.012529,-0.012529,-6.297921,-3.353243,2.447680,10.008813,41594.572696,41592.589335,0.000000,41612.000000,0.030112,0.095198,6.136121,6.654212,-0.518090,5,9.944286,-1
20 02:58:06,-13.644810,0.799283,-0.022529,-0.022529,-7.342427,-3.297484,2.496430,9.505073,41594.921619,41594.929900,0.000000,41613.630000,0.015056,0.055127,5.509160,6.425201,-0.916042,6,10.756429,0
20 02:59:07,-12.827987,1.743383,-0.030797,-0.030797,-8.263174,-3.058563,2.512530,8.900002,41595.355896,41597.520153,0.000000,41605.510000,0.007528,0.031328,4.602951,6.060751,-1.457800,-17,10.593571,0
20 03:00:07,-12.396481,1.517466,-0.012817,-0.012817,-9.117272,-2.819032,2.492855,8.147077,41595.874200,41600.363380,0.000000,41615.680000,0.024019,0.047928,4.070035,5.662608,-1.592573,-2,11.244286,-1
20 03:01:08,-11.469701,2.172498,-0.016466,-0.016466,-9.871434,-2.535790,2.429387,7.223212,41596.453952,41603.282705,0.000000,41602.730000,0.012009,0.029969,3.204369,5.170960,-1.966591,-19,11.581429,-1
20 03:02:09,-10.475261,2.575409,-0.036654,-0.036654,-10.494206,-2.183055,2.329797,6.202868,41597.001939,41605.715366,0.000000,41604.500000,0.006005,0.017987,2.359342,4.608637,-2.249294,-11,11.414286,-1
20 03:03:10,-8.509458,4.388123,-0.055331,-0.055331,-10.918653,-1.685665,2.191138,5.156957,41597.443063,41607.268069,0.000000,41585.280000,0.003002,0.010495,0.838647,3.854639,-3.015991,-42,11.796429,-1
20 03:04:10,-5.648330,6.814364,-0.080984,-0.080984,-11.091999,-1.027902,2.014134,4.269004,41597.801891,41608.186873,0.000000,41573.540000,0.001501,0.005998,-1.246475,2.834416,-4.080891,-55,10.894286,-1
20 03:05:11,-3.045407,7.576736,-0.092000,-0.092000,-11.020694,-0.300961,1.817270,3.840491,41598.292378,41609.837170,0.000000,41581.970000,0.000751,0.003374,-2.971741,1.673185,-4.644926,-32,11.365000,-1
20 03:06:12,-0.296753,8.126280,-0.102283,-0.102283,-10.691944,0.467694,1.617739,4.112483,41598.720827,41610.949352,0.000000,41573.540000,0.000375,0.001875,-4.678734,0.402801,-5.081535,-33,10.763571,-1
20 03:07:13,1.925838,7.438026,-0.094753,-0.094753,-10.161599,1.167714,1.431543,4.869824,41599.127629,41611.871597,0.000000,41580.920000,0.005860,0.009539,-5.863021,-0.850364,-5.012657,-7,11.252143,0
20 03:08:14,2.891228,4.860053,-0.070781,-0.070781,-9.525801,1.652748,1.260729,5.691357,41599.595609,41613.086229,0.000000,41597.620000,0.046119,0.071018,-6.008078,-1.881906,-4.126171,-8,12.219286,0
20 03:09:14,3.403491,2.701846,-0.056383,-0.056383,-8.837282,1.936908,1.105244,6.450843,41600.040261,41614.074117,0.000000,41594.530000,0.080472,0.133157,-5.818512,-2.669228,-3.149285,11,12.020000,0
20 03:10:15,3.789605,1.378722,-0.053652,-0.053652,-8.070757,2.158463,0.992452,7.127206,41600.437198,41614.702935,0.000000,41592.440000,0.101468,0.178544,-5.569673,-3.249317,-2.320357,3,11.399286,0
20 03:11:16,3.028485,-1.208076,-0.018081,-0.018081,-7.307887,2.215173,0.912027,7.593498,41600.805068,41615.127860,0.000000,41612.790000,0.162265,0.281936,-4.482555,-3.495964,-0.986591,13,11.924286,0
20 03:12:17,1.452189,-3.871257,-0.003861,-0.003861,-6.598421,2.108123,0.853726,7.822614,41601.101379,41615.118273,0.000000,41619.990000,0.206133,0.369034,-2.878219,-3.372415,0.494197,27,11.906429,0
20 03:13:17,0.474068,-4.130327,-0.000405,-0.000405,-5.898799,1.995139,0.824604,7.882100,41601.378691,41615.021062,0.000000,41604.000000,0.215177,0.404217,-1.875476,-3.073027,1.197551,11,12.024286,0
20 03:14:19,-0.489544,-4.097601,0.006407,0.006407,-5.219601,1.873427,0.815095,7.785874,41601.559089,41614.384090,0.000000,41610.000000,0.223188,0.429301,-0.972670,-2.652956,1.680286,-2,12.201429,0
20 03:15:19,0.194544,-1.140411,-0.003383,-0.003383,-4.497304,1.870591,0.823867,7.615874,41601.792699,41614.186410,0.000000,41579.800000,0.181723,0.375641,-1.410914,-2.404548,0.993634,-11,14.162857,1
20 03:16:20,2.785844,3.763158,-0.023022,-0.023022,-3.641880,2.085683,0.862599,7.466831,41601.917308,41613.383899,0.000000,41555.800000,0.120439,0.277617,-3.273780,-2.578394,-0.695386,-20,13.679286,1
20 03:17:21,5.871576,7.204075,-0.039948,-0.039948,-2.645745,2.430587,0.943331,7.422236,41602.007328,41612.477557,0.000000,41558.320000,0.076407,0.193200,-5.363266,-3.135369,-2.227898,-26,12.840714,1
20 03:18:22,8.992005,9.009019,-0.039578,-0.039578,-1.512552,2.841074,1.069837,7.515151,41601.878024,41610.381185,0.000000,41557.240000,0.047414,0.129517,-7.315927,-3.971480,-3.344447,-49,12.522857,1
20 03:19:23,11.446161,8.710296,-0.037982,-0.037982,-0.293663,3.189420,1.228145,7.722078,41601.524976,41607.161448,0.000000,41565.790000,0.039492,0.100289,-8.609750,-4.899134,-3.710616,-24,12.532857,1
20 03:20:23,13.861735,8.387419,-0.067546,-0.067546,1.019329,3.532918,1.407066,7.985592,41601.146144,41604.178348,0.000000,41557.230000,0.030213,0.075719,-9.790404,-5.877388,-3.913016,-25,12.496429,0
